;ISOKeyA;Languages;N_of_L;Added;Googled
0;Arab;['Aari [aiw]', 'Aceh [ace]', 'Fulfulde, Adamawa [fub]', 'Adyghe [ady]', 'Aer [aeq]', 'Afar [aar]', 'Afrikaans [afr]', 'Aimaq [aiq]', 'Akan [aka]', 'Arabic, Algerian Saharan Spoken [aao]', 'Arabic, Algerian Spoken [arq]', 'Amazigh [kab]', 'Amharic [amh]', 'Andaandi [dgl]', 'Anuak [anu]', 'Arabic [ara]', 'Argobba [agj]', 'Ashkun [ask]', 'Ashtiani [atn]', 'Avestan [ave]', 'Badeshi [bdz]', 'Baga Kaloum [bqf]', 'Baga Sobané [bsv]', 'Arabic, Baharna Spoken [abv]', 'Bakhtiâri [bqi]', 'Sama, Balangingih [sse]', 'Balanta-Ganja [bjt]', 'Balti [bft]', 'Bamanankan [bam]', 'Banjar [bjn]', 'Bari [bfa]', 'Bathari [bhm]', 'Bedawiyet [bej]', 'Bhadrawahi [bhd]', 'Bhaya [bhe]', 'Birked [brk]', 'Brahui [brh]', 'Brunei [kxd]', 'Burushaski [bsk]', 'Tamazight, Central Atlas [tzm]', 'Kurdish, Central [ckb]', 'Pashto, Central [pst]', 'Arabic, Chadian Spoken [shu]', 'Chechen [che]', 'Chilisso [clh]', 'Chittagonian [ctg]', 'Chorasmian [xco]', 'Cia-Cia [cia]', 'Swahili, Congo [swc]', 'Coptic [cop]', 'Crimean Tatar [crh]', 'Arabic, Cypriot Spoken [acy]', 'Dagbani [dag]', 'Dameli [dml]', 'Dari [prs]', 'Deccan [dcc]', 'Degano [wsv]', 'Dehwari [deh]', 'Dezfuli [def]', 'Dhatki [mki]', 'Arabic, Dhofari Spoken [adf]', 'Dogri [doi]', 'Domaaki [dmk]', 'Domari [rmt]', 'Dongxiang [sce]', 'Balochi, Eastern [bgp]', 'Cham, Eastern [cjm]', 'Arabic, Eastern Egyptian Bedawi Spoken [avl]', 'Maninkakan, Eastern [man]', 'Punjabi, Eastern [pan]', 'Arabic, Egyptian Spoken [arz]', 'Fulah [ful]', 'Ga [gaa]', 'Wolof, Gambian [wof]', 'Ganda [lug]', 'Gawar-Bati [gwt]', 'Gawri [gwc]', 'Gazi [gzi]', 'Gbaya (Central African Republic) [gba]', 'Ghera [ghr]', 'Gilaki [glk]', 'Goaria [gig]', 'Gonja [gjn]', 'Gowro [gwf]', 'Grangali [nli]', 'Gujari [gju]', 'Arabic, Gulf Spoken [afb]', 'Gurani [hac]', 'Gurgula [ggg]', 'Arabic, Hadrami Spoken [ayh]', 'Harari [har]', 'Harzani [hrz]', 'Hassaniyya [mey]', 'Hausa [hau]', 'Hazaragi [haz]', 'Arabic, Hijazi Spoken [acw]', 'Ida’an [dbj]', 'Indonesian [ind]', 'Kohistani, Indus [mvy]', 'Ingush [inh]', 'Inku [jat]', 'Ishkashimi [isk]', 'Jadgali [jdg]', 'Jahanka [jad]', 'Jandavra [jnd]', 'Bozo, Jenaama [bze]', 'Jogi [jog]', 'Jola-Fonyi [dyo]', 'Arabic, Judeo-Moroccan [aju]', 'Arabic, Judeo-Tunisian [ajt]', 'Jula [dyu]', 'Jur Modo [bex]', 'Kabutra [kbu]', 'Koli, Kachi [gjk]', 'Kajali [xkj]', 'Kakabe [kke]', 'Kalasha [kls]', 'Kalkoti [xka]', 'Kamviri [xvi]', 'Karakalpak [kaa]', 'Kashkay [qxq]', 'Kashmiri [kas]', 'Kati [bsh]', 'Kazakh [kaz]', 'Malay, Kedah [meo]', 'Khah [hkh]', 'Khetrani [xhe]', 'Khorasani Turkish [kmz]', 'Khowar [khw]', 'Khunsari [kfm]', 'Shina, Kohistani [plk]', 'Koti [eko]', 'Kumyk [kum]', 'Kundal Shahi [shd]', 'Kuranko [knk]', 'Kurdish [kur]', 'Kyrgyz [kir]', 'Laki [lki]', 'Lari [lrl]', 'Lasgerdi [lsa]', 'Lasi [lss]', 'Arabic, Libyan Spoken [ayl]', 'Loarki [lrk]', 'Lugbara [lgg]', 'Fulfulde, Maasina [ffm]', 'Maba [mde]', 'Makhuwa [vmw]', 'Makwe [ymk]', 'Malay (macrolanguage) [msa]', 'Malay [zlm]', 'Malayalam [mal]', 'Maltese [mlt]', 'Mampruli [maw]', 'Kanuri, Manga [kby]', 'Mankiyali [nlm]', 'Comorian, Maore [swb]', 'Marwari [mve]', 'Mattokki [xnz]', 'Mazandarani [mzn]', 'Memoni [mby]', 'Malagasy, Merina [mlg]', 'Arabic, Mesopotamian Spoken [acm]', 'Mesqan [mvz]', 'Minangkabau [min]', 'Mogholi [mhj]', 'Mogofin [mfg]', 'Arabic, Moroccan Spoken [ary]', 'Moru [mgd]', 'Munji [mnj]', 'Murle [mur]', 'Tat, Muslim [ttt]', 'Mwani [wmw]', 'Nafusi [jbn]', 'Arabic, Najdi Spoken [ars]', 'Natanzi [ntz]', 'Nayini [nyq]', 'Comorian, Ndzwani [wni]', 'Comorian, Ngazidja [zdj]', 'Fulfulde, Nigerian [fuv]', 'Nobiin [fia]', 'Azerbaijani, North [aze]', 'Arabic, North Levantine Spoken [apc]', 'Arabic, North Mesopotamian Spoken [ayp]', 'Pashai, Northeast [aee]', 'Hindko, Northern [hno]', 'Northern Luri [lrc]', 'Uzbek, Northern [uzb]', 'Pashai, Northwest [glh]', 'Fars, Northwestern [faz]', 'Nupe-Nupe-Tako [nup]', 'Oadki [odk]', 'Arabic, Omani Spoken [acx]', 'Ormuri [oru]', 'Oromo [orm]', 'Ottoman Turkish (1500-1928) [ota]', 'Otuho [lot]', 'Pahari-Potwari [phr]', 'Pahlavani [phv]', 'Palula [phl]', 'Parachi [prc]', 'Koli, Parkari [kvx]', 'Parsi-Dari [prd]', 'Malay, Pattani [mfa]', 'Persian [fas]', 'Prasuni [prn]', 'Pular [fuf]', 'Purig [prx]', 'Pushto [pus]', 'Rohingya [rhg]', 'Rudbari [rdb]', 'Saafi-Saafi [sav]', 'Samaritan Hebrew [smp]', 'Arabic, Sanaani Spoken [ayn]', 'Sangisari [sgr]', 'Sanglechi [sgy]', 'Saraiki [skr]', 'Savi [sdg]', 'Arabic, Sa’idi Spoken [aec]', 'Semnani [smy]', 'Serer-Sine [srr]', 'Shahmirzadi [srz]', 'Shahrudi [shm]', 'Arabic, Shihhi Spoken [ssh]', 'Shilluk [shk]', 'Shina [scl]', 'Shughni [sgh]', 'Shumashti [sts]', 'Silt’e [stv]', 'Sindhi Bhil [sbn]', 'Sindhi [snd]', 'Siwi [siz]', 'Somali [som]', 'Soninke [snk]', 'Soqotri [sqt]', 'Azerbaijani, South [azb]', 'Arabic, South Levantine Spoken [ajp]', 'Pashai, Southeast [psi]', 'Balochi, Southern [bal]', 'Hindko, Southern [hnd]', 'Kurdish, Southern [sdh]', 'Luri, Southern [luz]', 'Pashto, Southern [pbt]', 'Uzbek, Southern [uzs]', 'Zazaki, Southern [zza]', 'Pashai, Southwest [psh]', 'Dinka, Southwestern [dik]', 'Dinka, Southwestern [din]', 'Fars, Southwestern [fay]', 'Arabic, Sudanese Spoken [apd]', 'Sunda [sun]', 'Susu [sus]', 'Swahili (macrolanguage) [swa]', 'Swahili [swh]', 'Tachawit [shy]', 'Tachelhit [shi]', 'Tadaksahak [dsq]', 'Tagdal [tda]', 'Tamahaq, Tahaggart [thv]', 'Tajik [tgk]', 'Arabic, Tajiki Spoken [abh]', 'Takestani [tks]', 'Talysh [tly]', 'Tarifit [rif]', 'Tausug [tsg]', 'Tamajaq, Tawallammat [ttq]', 'Arabic, Ta’izzi-Adeni Spoken [acq]', 'Tem [kdh]', 'Bozo, Tieyaxo [boz]', 'Tigrigna [tir]', 'Tirahi [tra]', 'Torwali [trw]', 'Tregami [trm]', 'Tumzabt [mzb]', 'Arabic, Tunisian Spoken [aeb]', 'Turkish [tur]', 'Turkmen [tuk]', 'Urdu [urd]', 'Ushojo [ush]', 'Uyghur [uig]', 'Arabic, Uzbeki Spoken [auz]', 'Vafsi [vaf]', 'Vaghri [vgr]', 'Koli, Wadiyari [kxp]', 'Waigali [wbk]', 'Wakhi [wbl]', 'Wandala [mfi]', 'Waneci [wne]', 'Warduji [wrd]', 'Balochi, Western [bgn]', 'Cham, Western [cja]', 'Maninkakan, Western [mlq]', 'Western Neo-Aramaic [amw]', 'Fulfulde, Western Niger [fuh]', 'Punjabi, Western [lah]', 'Wolane [wle]', 'Wolio [wlo]', 'Wolof [wol]', 'Yadgha [ydg]', 'Yakan [yka]', 'Yalunka [yal]', 'Yao [yao]', 'Kanuri, Yerwa [knc]', 'Yoruba [yor]', 'Zaghawa [zag]', 'Zande [zne]', 'Zarma [dje]', 'Zenaga [zen]', 'Dari, Zoroastrian [gbz]'];308;1;1
1;Deva;['Gondi, Adilabad [wsg]', 'Gondi, Aheri [esg]', 'Andh [anr]', 'Angika [anp]', 'Asuri [asr]', 'Athpariya [aph]', 'Awadhi [awa]', 'Bagheli [bfy]', 'Bagri [bgq]', 'Bahing [bhj]', 'Bantawa [bap]', 'Baram [brd]', 'Bateri [btv]', 'Belhariya [byw]', 'Bhadrawahi [bhd]', 'Bharia [bha]', 'Bhatri [bgw]', 'Bhilali [bhi]', 'Bhili [bhb]', 'Bhojpuri [bho]', 'Bhujel [byh]', 'Bhunjia [bhu]', 'Bilaspuri [kfs]', 'Birhor [biy]', 'Boro [brx]', 'Bote [bmj]', 'Braj Bhasha [bra]', 'Buksa [tkb]', 'Bundeli [bns]', 'Byangsi [bee]', 'Nicobarese, Central [ncb]', 'Tharu, Central [the]', 'Chambeali [cdh]', 'Chamling [rab]', 'Chantyal [chx]', 'Chepang [cdm]', 'Chhattisgarhi [hne]', 'Chhintang [ctn]', 'Chinali [cih]', 'Churahi [cdj]', 'Maria, Dandami [daq]', 'Tharu, Dangaura [thl]', 'Danuwar [dhw]', 'Darai [dry]', 'Deccan [dcc]', 'Dewas Rai [dwz]', 'Dhimal [dhi]', 'Dhodia [dho]', 'Dogri [doi]', 'Dotyali [dty]', 'Dumi [dus]', 'Dungmali [raa]', 'Dungra Bhil [duh]', 'Duruwa [pci]', 'Magar, Eastern [mgp]', 'Mewahang, Eastern [emg]', 'Muria, Eastern [emu]', 'Tamang, Eastern [taj]', 'Muria, Far Western [fmu]', 'Hindi, Fiji [hif]', 'Gaddi [gbk]', 'Kham, Gamale [kgj]', 'Gamit [gbl]', 'Garhwali [gbm]', 'Konkani, Goan [gom]', 'Gowli [gok]', 'Gujari [gju]', 'Gurung [gvr]', 'Halbi [hlb]', 'Haroti [hoj]', 'Haryanvi [bgc]', 'Hindi [hin]', 'Ho [hoc]', 'Holiya [hoy]', 'Hyolmo [scp]', 'Jaunsari [jns]', 'Jerung [jee]', 'Jirel [jul]', 'Jumli [jml]', 'Kacchi [kfr]', 'Kanauji [bjj]', 'Kangri [xnr]', 'Kashmiri [kas]', 'Tharu, Kathariya [tkt]', 'Khaling [klr]', 'Khandesi [khn]', 'Kharia [khr]', 'Kinnauri [kfk]', 'Kodaku [ksz]', 'Konkani [kok]', 'Korku [kfq]', 'Korlai Portuguese Creole [vkp]', 'Korwa [kfp]', 'Koya [kff]', 'Koyee [kkt]', 'Kudmali [kyw]', 'Kukna [kex]', 'Pahari, Kullu [kfx]', 'Kulung [kle]', 'Kumal [kra]', 'Kumaoni [kfy]', 'Kurux [kru]', 'Lambadi [lmn]', 'Lhomi [lhm]', 'Lhowa [loy]', 'Limbu [lif]', 'Lodhi [lbm]', 'Lohorung [lbr]', 'Magahi [mag]', 'Pahari, Mahasu [bfz]', 'Maithili [mai]', 'Majhi [mjz]', 'Mal Paharia [mkb]', 'Mandeali [mjl]', 'Marathi [mar]', 'Maria [mrr]', 'Marwari [rwr]', 'Marwari [mwr]', 'Mawchi [mke]', 'Mewari [mtr]', 'Mewati [wtm]', 'Tharu, Mid-Eastern [thq]', 'Middle Newar [nwx]', 'Mising [mrg]', 'Munda [unx]', 'Mundari [unr]', 'Na [nbt]', 'Nachering [ncd]', 'Nepali (macrolanguage) [nep]', 'Newar [new]', 'Nimadi [noe]', 'Noiri [noi]', 'Gondi, Northern [gon]', 'Kolami, Northwestern [kfb]', 'Tamang, Northwestern [tmk]', 'Nyeshangte [nmm]', 'Sadri, Oraon [sdr]', 'Kinnauri, Pahari [kjo]', 'Pali [pli]', 'Palpa [plp]', 'Bareli, Palya [bpx]', 'Panchpargania [tdb]', 'Pangkhua [pkh]', 'Pangwali [pgg]', 'Pattani [lae]', 'Bareli, Pauri [bfb]', 'Puma [pum]', 'Puroik [suv]', 'Rajasthani [raj]', 'Rajbanshi [rjs]', 'Raji [rji]', 'Garasia, Rajput [gra]', 'Tharu, Rana [thr]', 'Rathawi [rtw]', 'Bareli, Rathwi [bgd]', 'Rawat [jnl]', 'Sadri [sck]', 'Sampang [rav]', 'Sanskrit [san]', 'Santhali [sat]', 'Saraiki [skr]', 'Sartang [onp]', 'Sauraseni Prākrit [psu]', 'Saurashtra [saz]', 'Sauria Paharia [mjt]', 'Shekhawati [swv]', 'Sherpa [xsr]', 'Kham, Sheshi [kip]', 'Sindhi [snd]', 'Sirmauri [srx]', 'Ghale, Southern [ghe]', 'Stod Bhoti [sbu]', 'Sunwar [suz]', 'Surgujia [sgj]', 'Surjapuri [sjp]', 'Syuba [syw]', 'Monpa, Tawang [twm]', 'Thakali [ths]', 'Thangmi [thf]', 'Thulung [tdh]', 'Tilung [tij]', 'Tinani [lbf]', 'Toto [txo]', 'Urdu [urd]', 'Varhadi-Nagpuri [vah]', 'Varli [vav]', 'Vasavi [vas]', 'Wagdi [wbr]', 'Wambule [wme]', 'Naga, Wancho [nnp]', 'Wayu [vay]', 'Magar, Western [mrd]', 'Mewahang, Western [raf]', 'Muria, Western [mut]', 'Kham, Western Parbate [kjl]', 'Tamang, Western [tdg]', 'Yakkha [ybh]', 'Yamphu [ybi]'];198;1;1
3;Ethi;['Aari [aiw]', 'Afar [aar]', 'Alaba-K’abeena [alw]', 'Amharic [amh]', 'Anuak [anu]', 'Argobba [agj]', 'Awngi [awn]', 'Basketo [bst]', 'Bench [bcq]', 'Bilen [byn]', 'Oromo, Borana-Arsi-Guji [gax]', 'Borna [bwo]', 'Burji [bji]', 'Dawro [dwr]', 'Dirasha [gdl]', 'Dizin [mdx]', 'Gamo [gmv]', 'Gedeo [drs]', 'Geez [gez]', 'Gofa [gof]', 'Gumuz [guk]', 'Hadiyya [hdy]', 'Hamer-Banna [amf]', 'Harari [har]', 'Kafa [kbr]', 'Kambaata [ktb]', 'Kistane [gru]', 'Komo [xom]', 'Konso [kxc]', 'Koorete [kqy]', 'Majang [mpe]', 'Male [mdy]', 'Me’en [mym]', 'Mositacha [dox]', 'Mursi [muz]', 'Oromo [orm]', 'Qimant [ahg]', 'Saho [ssy]', 'Sebat Bet Gurage [sgw]', 'Shekkacho [moy]', 'Sidamo [sid]', 'Silt’e [stv]', 'Tigré [tig]', 'Tigrigna [tir]', 'Suri, Tirmaga-Chai [suq]', 'Wolaytta [wal]', 'Xamtanga [xan]', 'Yemsa [jnj]', 'Zayse [zay]'];49;1;1
4;Beng;['Assamese [asm]', 'Bengali [ben]', 'Bishnupuriya [bpy]', 'Boro [brx]', 'Chakma [ccp]', 'Chiru [cdf]', 'Chittagonian [ctg]', 'Naga, Chothe [nct]', 'Deori [der]', 'Dimasa [dis]', 'Chin, Falam [cfm]', 'Garo [grt]', 'Hajong [haj]', 'Khasi [kha]', 'Koch [kdq]', 'Koda [cdz]', 'Kok Borok [trp]', 'Kudmali [kyw]', 'Mahali [mjx]', 'Naga, Maring [nng]', 'Meitei [mni]', 'Mising [mrg]', 'Mizo [lus]', 'Naga, Moyon [nmo]', 'Munda [unx]', 'Mundari [unr]', 'Nyishi [njz]', 'Sadri, Oraon [sdr]', 'Panchpargania [tdb]', 'Puroik [suv]', 'Rabha [rah]', 'Rangpuri [rkt]', 'Sadri [sck]', 'Santhali [sat]', 'Sauria Paharia [mjt]', 'Sylheti [syl]', 'Naga, Thangal [nki]', 'Tippera [tpe]', 'Tiwa [lax]', 'Toto [txo]', 'Usoi [usi]'];41;1;1
5;Thai;['Akha [ahk]', 'Bisu [bzi]', 'Blang [blr]', 'Chong [cog]', 'Bru, Eastern [bru]', 'Lawa, Eastern [lwl]', 'Hmong Daw [mww]', 'Hmong Njua [hnj]', 'Iu Mien [ium]', 'Kensiu [kns]', 'Khmu [kjg]', 'Khuen [khf]', 'Kuay [kdt]', 'Laomian [lwm]', 'Mal [mlf]', 'Mlabri [mra]', 'Moken [mwt]', 'Moklen [mkm]', 'Mpi [mpz]', 'Thai, Northeastern [tts]', 'Katang, Northern [ncq]', 'Khmer, Northern [kxm]', 'Thai, Northern [nod]', 'Nyahkur [cbn]', 'Pali [pli]', 'Malay, Pattani [mfa]', 'Karen, Phrae Pwo [kjt]', 'Prai [prt]', 'Karen, Pwo Northern [pww]', 'Karen, Pwo West-Central Thailand [kjp]', 'Palaung, Ruching [pce]', 'Shan [shn]', 'So [sss]', 'Thai, Southern [sou]', 'Thai Song [soa]', 'Thai [tha]', 'Urak Lawoi’ [urk]', 'Bru, Western [brv]', 'Lawa, Western [lcp]'];39;1;1
6;Tibt;['Tibetan, Amdo [adx]', 'Balti [bft]', 'Luoba, Boga’er [adi]', 'Bumthangkha [kjz]', 'Tibetan, Central [bod]', 'Changthang [cna]', 'Chug [cvg]', 'Classical Tibetan [xct]', 'Dolpo [dre]', 'Dzongkha [dzo]', 'Tamang, Eastern [taj]', 'Gahri [bfu]', 'Mongolian, Halh [mon]', 'Jiarong [jya]', 'Khamba [kbg]', 'Tibetan, Khams [khg]', 'Khengkha [xkf]', 'Kuke [ght]', 'Kurtokha [xkz]', 'Ladakhi [lbj]', 'Lepcha [lep]', 'Lhowa [loy]', 'Mugom [muk]', 'Nyeshangte [nmm]', 'Old Tibetan [otb]', 'Pattani [lae]', 'Purig [prx]', 'Sherpa [xsr]', 'Sikkimese [sip]', 'Spiti Bhoti [spt]', 'Stod Bhoti [sbu]', 'Tinani [lbf]', 'Tshangla [tsj]', 'Walungge [ola]', 'Tamang, Western [tdg]', 'Luoba, Yidu [clk]', 'Zangskari [zau]'];37;1;1
7;Mymr;['Aiton [aio]', 'Akha [ahk]', 'Chin, Asho [csh]', 'Burmese [mya]', 'Karen, Bwe [bwe]', 'Karen, Geba [kvq]', 'Intha [int]', 'Kawyaw [kxf]', 'Kayan [pdu]', 'Khamti [kht]', 'Lamkang [lmk]', 'Marma [rmz]', 'Moken [mwt]', 'Mon [mnw]', 'Old Burmese [obr]', 'Pali [pli]', 'Pa’o [blk]', 'Phake [phk]', 'Karen, Pwo West-Central Thailand [kjp]', 'Karen, Pwo Western [pwo]', 'Rakhine [rki]', 'Palaung, Ruching [pce]', 'Palaung, Rumai [rbb]', 'Sanskrit [san]', 'Shan [shn]', 'Palaung, Shwe [pll]', 'Karen, S’gaw [ksw]', 'Tai Laing [tjl]', 'Kayah, Western [kyu]'];29;1;1
9;Orya;['Gadaba, Bodo [gbj]', 'Bodo Parja [bdv]', 'Bondo [bfw]', 'Kui, Dawik [dwk]', 'Desiya [dso]', 'Duruwa [pci]', 'Gata’ [gaq]', 'Ho [hoc]', 'Juang [jun]', 'Juray [juy]', 'Kisan [xis]', 'Koya [kff]', 'Kudmali [kyw]', 'Kui (India) [kxu]', 'Kui [uki]', 'Kuvi [kxv]', 'Mirgan [zrg]', 'Munda [unx]', 'Mundari [unr]', 'Odia [ori]', 'Pengo [peg]', 'Gadaba, Pottangi Ollar [gdb]', 'Sambalpuri [spv]', 'Santhali [sat]', 'Sora [srb]'];25;1;1
10;Cans;['Beaver [bea]', 'Blackfoot [bla]', 'Carrier [crx]', 'Chippewa [ciw]', 'Dene [chp]', 'Ojibwa, Eastern [oji]', 'Inuinnaqtun [ikt]', 'Inuktitut [iku]', 'Cree, Moose [crm]', 'Naskapi [nsk]', 'Slavey, North [scs]', 'Cree, Northern East [crl]', 'Ojibwa, Northwestern [ojb]', 'Oji-Cree [ojs]', 'Cree, Plains [crk]', 'Sekani [sek]', 'Slavey, South [den]', 'Carrier, Southern [caf]', 'Cree, Southern East [crj]', 'Cree, Swampy [csw]', 'Ojibwa, Western [ojw]', 'Cree, Woods [cre]'];22;1;1
12;Telu;['Gondi, Adilabad [wsg]', 'Oriya, Adivasi [ort]', 'Gondi, Aheri [esg]', 'Chenchu [cde]', 'Ho [hoc]', 'Konda-Dora [kfc]', 'Koya [kff]', 'Kupia [key]', 'Kuvi [kxv]', 'Lambadi [lmn]', 'Manna-Dora [mju]', 'Mirgan [zrg]', 'Gadaba, Mudhili [gau]', 'Gondi, Northern [gon]', 'Parenga [pcj]', 'Gadaba, Pottangi Ollar [gdb]', 'Saurashtra [saz]', 'Sora [srb]', 'Kolami, Southeastern [nit]', 'Telugu [tel]', 'Waddar [wbq]', 'Yerukula [yeu]'];22;1;1
13;Hebr;['Hebrew, Ancient [hbo]', 'Bukharic [bhh]', 'Dzhidi [jpr]', 'Yiddish, Eastern [yid]', 'Hebrew [heb]', 'Hulaulá [huy]', 'Inter-Zab Jewish Neo-Aramaic [aij]', 'Judeo-Berber [jbe]', 'Arabic, Judeo-Iraqi [yhd]', 'Judeo-Italian [itk]', 'Arabic, Judeo-Moroccan [jrb]', 'Judeo-Tat [jdt]', 'Arabic, Judeo-Tripolitanian [yud]', 'Arabic, Judeo-Tunisian [ajt]', 'Arabic, Judeo-Yemeni [jye]', 'Ladino [lad]', 'Lishán Noshan [trg]', 'Lishana Deni [lsd]', 'Samaritan Aramaic [sam]', 'Samaritan Hebrew [smp]', 'Tajik [tgk]', 'Yiddish, Western [yih]'];22;1;1
14;Grek;['Albanian [sqi]', 'Greek, Ancient [grc]', 'Albanian, Arbëreshë [aae]', 'Aromanian [rup]', 'Albanian, Arvanitika [aat]', 'Balkan Gagauz Turkish [bgx]', 'Romani, Balkan [rmn]', 'Cappadocian Greek [cpg]', 'Coptic [cop]', 'Arabic, Cypriot Spoken [acy]', 'Gagauz [gag]', 'Greek [ell]', 'Phrygian [xpg]', 'Pontic [pnt]', 'Tsakonian [tsd]', 'Turkish [tur]', 'Urum [uum]', 'Yevanic [yej]'];18;1;1
15;Syrc;['Arabic [ara]', 'Assyrian Neo-Aramaic [aii]', 'Barzani-Sandu Jewish Neo-Aramaic [bjf]', 'Bohtan Neo-Aramaic [bhn]', 'Chaldean Neo-Aramaic [syr]', 'Hértevin [hrt]', 'Jewish Babylonian Aramaic [tmr]', 'Koy Sanjaq Surat [kqd]', 'Mlahsö [lhs]', 'Official Aramaic (700-300 BCE) [arc]', 'Old Aramaic (up to 700 BCE) [oar]', 'Samaritan Aramaic [sam]', 'Senaya [syn]', 'Sogdian [sog]', 'Syriac [syc]', 'Turoyo [tru]'];16;1;1
16;Gujr;['Garasia, Adiwasi [gas]', 'Avestan [ave]', 'Bhili [bhb]', 'Chodri [cdi]', 'Dangi [dhn]', 'Dubli [dub]', 'Dungra Bhil [duh]', 'Gamit [gbl]', 'Gujarati [guj]', 'Kacchi [kfr]', 'Koli, Kachi [gjk]', 'Kukna [kex]', 'Garasia, Rajput [gra]', 'Varli [vav]', 'Vasavi [vas]', 'Koli, Wadiyari [kxp]'];16;1;1
18;Knda;['Badaga [bfq]', 'Kurumba, Betta [xub]', 'Konkani, Goan [gom]', 'Kurumba, Kannada [kfi]', 'Kannada [kan]', 'Kodava [kfa]', 'Konkani [knn]', 'Kudiya [kfg]', 'Lambadi [lmn]', 'Paniya [pcg]', 'Ravula [yea]', 'Tulu [tcy]'];12;1;1
19;Taml;['Badaga [bfq]', 'Kurumba, Betta [xub]', 'Irula [iru]', 'Kurumba, Kannada [kfi]', 'Kota [kfe]', 'Muthuvan [muv]', 'Paniya [pcg]', 'Saurashtra [saz]', 'Tamil [tam]', 'Toda [tcx]', 'Vaagri Booli [vaa]', 'Chetti, Wayanad [ctt]'];12;1;1
21;Mlym;['Allar [all]', 'Kurumba, Attapady [pkr]', 'Kurumba, Betta [xub]', 'Irula [iru]', 'Kudiya [kfg]', 'Kurichiya [kfh]', 'Malayalam [mal]', 'Mannan [mjv]', 'Muduga [udg]', 'Paniya [pcg]', 'Ravula [yea]'];11;1;1
24;Khmr;['Brao [brb]', 'Mnong, Central [cmo]', 'Jarai [jra]', 'Kavet [krv]', 'Khmer [khm]', 'Krung [krr]', 'Kuay [kdt]', 'Khmer, Northern [kxm]', 'Tampuan [tpu]'];9;1;1
26;Geor;['Abkhaz [abk]', 'Georgian [kat]', 'Laz [lzz]', 'Mingrelian [xmf]', 'Old Avar [oav]', 'Ossetian [oss]', 'Svan [sva]'];7;1;1
31;Copt;['Andaandi [dgl]', 'Coptic [cop]', 'Mattokki [xnz]', 'Nobiin [fia]', 'Old Nubian [onw]'];5;1;1
41;Armn;['Armenian [hye]', 'Kurdish [kur]', 'Armenian, Western [hyw]'];3;1;1
46;Sinh;['Pali [pli]', 'Sanskrit [san]', 'Sinhala [sin]'];3;1;1
48;Guru;['Punjabi, Eastern [pan]', 'Saraiki [skr]', 'Sindhi [snd]'];3;1;1
70;Hang;['Cia-Cia [cia]', 'Jejueo [jje]'];2;1;1
100;Limb;['Limbu [lif]'];1;1;1
108;Vaii;['Vai [vai]'];1;1;1
113;Cher;['Cherokee [chr]'];1;1;1
11;Laoo;['Brao [brb]', 'Mambila, Cameroon [mcu]', 'Bru, Eastern [bru]', 'Hmong Daw [mww]', 'Hmong Njua [hnj]', 'Iu Mien [ium]', 'Jeh [jeh]', 'Khmu [kjg]', 'Kriang [ngt]', 'Kuay [kdt]', 'Lao [lao]', 'Ta’oih, Lower [tto]', 'Katang, Northern [ncq]', 'Pacoh [pac]', 'Phunoi [pho]', 'Rmeet [lbn]', 'So [sss]', 'Katang, Southern [sct]', 'Tai Dam [blt]', 'Ta’oih, Upper [tth]', 'Bru, Western [brv]', 'Katu, Western [kuf]'];22;1;1
8;Hani;['Bouyei [pcc]', 'Bai, Central [bca]', 'Zhuang, Central Hongshuihe [zch]', 'Zhuang, Dai [zhd]', 'Zhuang, Eastern Hongshuihe [zeh]', 'Zhuang, Guibei [zgb]', 'Zhuang, Guibian [zgn]', 'Honi [how]', 'Iu Mien [ium]', 'Zhuang, Lianshan [zln]', 'Zhuang, Liujiang [zlj]', 'Zhuang, Liuqian [zlq]', 'Zhuang, Minz [zgm]', 'Zhuang, Nong [zhn]', 'Puyuma [pyu]', 'Zhuang, Qiubei [zqe]', 'Bai, Southern [bfs]', 'Dong, Southern [kmc]', 'Sui [swi]', 'Vietnamese [vie]', 'Zhuang, Yang [zyg]', 'Zhuang, Yongnan [zyn]', 'Zhuang, Youjiang [zyj]', 'Zhuang [zha]', 'Zhuang, Zuojiang [zzj]'];25;0;1
2;Cyrl;['Abaza [abq]', 'Abkhaz [abk]', 'Adyghe [ady]', 'Aghul [agx]', 'Akhvakh [akv]', 'Saami, Akkala [sia]', 'Alutor [alr]', 'Andi [ani]', 'Archi [aqc]', 'Arin [xrn]', 'Armazic [xrm]', 'Assan [xss]', 'Assyrian Neo-Aramaic [aii]', 'Avar [ava]', 'Bagvalal [kva]', 'Romani, Balkan [rmn]', 'Romani, Baltic [rml]', 'Bashkort [bak]', 'Belarusian [bel]', 'Bezhta [kap]', 'Bosnian [bos]', 'Botlikh [bph]', 'Bukharic [bhh]', 'Bulgarian [bul]', 'Chamalal [cji]', 'Chechen [che]', 'Chukchi [ckt]', 'Chulym [clw]', 'Slavonic, Church [chu]', 'Chuvash [chv]', 'Crimean Tatar [crh]', 'Dargwa [dar]', 'Daur [dta]', 'Dido [ddo]', 'Dolgan [dlg]', 'Dungan [dng]', 'Erzya [myv]', 'Even [eve]', 'Evenki [evn]', 'Enets, Forest [enf]', 'Gagauz [gag]', 'Ghodoberi [gdo]', 'Gilyak [niv]', 'Greek [ell]', 'Mongolian, Halh [mon]', 'Mari, Hill [mrj]', 'Hinukh [gin]', 'Hunzib [huz]', 'Ingush [inh]', 'Itelmen [itl]', 'Judeo-Tat [jdt]', 'Kabardian [kbd]', 'Kalmyk-Oirat [xal]', 'Kamas [xas]', 'Karachay-Balkar [krc]', 'Karagas [kim]', 'Karaim [kdr]', 'Karakalpak [kaa]', 'Karata [kpt]', 'Karelian [krl]', 'Kazakh [kaz]', 'Kerek [krk]', 'Ket [ket]', 'Khakas [kjh]', 'Khanty [kca]', 'Khazar [zkz]', 'Khvarshi [khv]', 'Saami, Kildin [sjd]', 'Koibal [zkb]', 'Komi [kom]', 'Komi-Permyak [koi]', 'Koryak [kpy]', 'Kott [zko]', 'Krimchak [jct]', 'Kuman (Russia) [qwm]', 'Kumyk [kum]', 'Kurdish [kur]', 'Kyrgyz [kir]', 'Ladino [lad]', 'Lak [lbe]', 'Lezgi [lez]', 'Lingua Franca Nova [lfn]', 'Macedonian [mkd]', 'Mansi [mns]', 'Mator [mtm]', 'Mari, Meadow [chm]', 'Aleut, Mednyj [mud]', 'Moksha [mdf]', 'Buriat, Mongolia [bxm]', 'Montenegrin [cnr]', 'Tat, Muslim [ttt]', 'Nadruvian [ndf]', 'Nanai [gld]', 'Yupik, Naukan [ynk]', 'Negidal [neg]', 'Nenets [yrk]', 'Nganasan [nio]', 'Nogai [nog]', 'Azerbaijani, North [aze]', 'Altai, Northern [atv]', 'Northern Sami [sme]', 'Uzbek, Northern [uzb]', 'Yukaghir, Northern [ykg]', 'Old Russian [orv]', 'Omok [omk]', 'Oroch [oac]', 'Orok [oaa]', 'Ossetian [oss]', 'Yupik, Pacific Gulf [ems]', 'Pontic [pnt]', 'Pumpokol [xpm]', 'Romanian [ron]', 'Romany [rom]', 'Buriat, Russia [bua]', 'Russian [rus]', 'Rusyn [rue]', 'Rutul [rut]', 'Yupik, Saint Lawrence Island [ess]', 'Selkup [sel]', 'Serbian [srp]', 'Shor [cjs]', 'Shughni [sgh]', 'Siberian Tatar [sty]', 'Yupik, Sirenik [ysr]', 'Azerbaijani, South [azb]', 'Altai, Southern [alt]', 'Yukaghir, Southern [yux]', 'Svan [sva]', 'Tabasaran [tab]', 'Tajik [tgk]', 'Talysh [tly]', 'Tatar [tat]', 'Saami, Ter [sjt]', 'Tindi [tin]', 'Tlingit [tli]', 'Tsakhur [tkr]', 'Enets, Tundra [enh]', 'Turkish [tur]', 'Turkmen [tuk]', 'Tuvan [tyv]', 'Udi [udi]', 'Udihe [ude]', 'Udmurt [udm]', 'Ukrainian [ukr]', 'Ulch [ulc]', 'Urum [uum]', 'Uyghur [uig]', 'Vod [vot]', 'Wakhi [wbl]', 'Balochi, Western [bgn]', 'Written Oirat [xwo]', 'Xibe [sjo]', 'Yagnobi [yai]', 'Yakut [sah]', 'Yazgulyam [yah]', 'Yug [yug]'];156;0;1
17;Tfng;['Amazigh [kab]', 'Tamazight, Central Atlas [tzm]', 'Tamazight, Standard Moroccan [zgh]', 'Tachawit [shy]', 'Tachelhit [shi]', 'Tagdal [tda]', 'Tamahaq, Tahaggart [thv]', 'Tamasheq [taq]', 'Tarifit [rif]', 'Tamajaq, Tawallammat [ttq]', 'Tamajeq, Tayart [thz]', 'Tetserret [tez]', 'Tumzabt [mzb]', 'Zenaga [zen]'];14;0;1
20;Plrd;['Aluo [yna]', 'Gepo [ygp]', 'Hmong Daw [mww]', 'Hmong Njua [hnj]', 'Kaduo [ktp]', 'Miao, Large Flowery [hmd]', 'Lipo [lpo]', 'Sanie [ysy]', 'Sinicized Miao [hmz]', 'Miao, Small Flowery [sfm]', 'Yi, Wuding-Luquan [ywq]'];11;1;1
22;Yiii;['Nisu, Eastern [nos]', 'Mantsi [nty]', 'Nuosu [iii]', 'Samatao [ysd]', 'Samei [smh]', 'Sani [ysn]', 'Nisu, Southern [nsd]', 'Nisu, Southwestern [nsv]', 'Yi, Wuding-Luquan [ywq]', 'Nasu, Wusa [yig]'];10;0;0
23;Mong;['Daur [dta]', 'Evenki [evn]', 'Mongolian, Halh [mon]', 'Kalmyk-Oirat [xal]', 'Manchu [mnc]', 'Buriat, Mongolia [bxm]', 'Old Uighur [oui]', 'Mongolian, Peripheral [mvf]', 'Altai, Southern [alt]', 'Xibe [sjo]'];10;0;0
25;Takr;['Chambeali [cdh]', 'Dogri [doi]', 'Gaddi [gbk]', 'Gahri [bfu]', 'Jaunsari [jns]', 'Kinnauri [kfk]', 'Pahari, Kullu [kfx]', 'Mandeali [mjl]', 'Sirmauri [srx]'];9;0;0
27;Batk;['Batak Angkola [akb]', 'Batak Dairi [btd]', 'Batak Karo [btx]', 'Batak Mandailing [btm]', 'Batak Simalungun [bts]', 'Batak Toba [bbc]'];6;0;0
28;Newa;['Bengali [ben]', 'Hindi [hin]', 'Maithili [mai]', 'Nepali (macrolanguage) [nep]', 'Newar [new]', 'Sanskrit [san]'];6;0;0
29;Ital;['Etruscan [ett]', 'Oscan [osc]', 'Paelignian [pgn]', 'Umbrian [xum]', 'Venetic [xve]'];5;0;0
30;Khoj;['Punjabi, Eastern [pan]', 'Gujarati [guj]', 'Saraiki [skr]', 'Sindhi [snd]', 'Punjabi, Western [lah]'];5;0;0
32;Tavt;['Tai Daeng [tyr]', 'Tai Dam [blt]', 'Tai Dón [twh]', 'Tày Tac [tyt]', 'Thai Song [soa]'];5;0;0
33;Java;['Bali [ban]', 'Javanese [jav]', 'Osing [osi]', 'Sunda [sun]', 'Tengger [tes]'];5;0;0
34;Lisu;['Lakkia [lbc]', 'Lipo [lpo]', 'Lisu [lis]', 'Naxi [nxq]', 'Zaiwa [atb]'];5;0;1
35;Bugi;['Bugis [bug]', 'Makasar [mak]', 'Mamuju [mqx]', 'Mandar [mdr]', 'Wotu [wtw]'];5;0;0
36;Rjng;['Kerinci [kvr]', 'Lampung Api [ljp]', 'Lampung Nyo [abl]', 'Rejang [rej]'];4;0;0
37;Lana;['Khün [kkh]', 'Lü [khb]', 'Thai, Northern [nod]', 'Tai Ya [cuu]'];4;0;0
38;Phag;['Tibetan, Central [bod]', 'Chinese [zho]', 'Mongolian, Halh [mon]', 'Mongolian, Peripheral [mvf]'];4;0;0
39;Nkoo;['Bamanankan [bam]', 'Maninkakan, Eastern [man]', 'Jula [dyu]', 'N’ko [nqo]'];4;0;0
40;Hmng;['Hmong Daw [mww]', 'Hmong Njua [hnj]', 'Hmong [hmn]', 'Miao, Large Flowery [hmd]'];4;0;0
42;Tglg;['Filipino [fil]', 'Ilocano [ilo]', 'Tagalog [tgl]'];3;0;0
43;Tale;['Blang [blr]', 'Shan [shn]', 'Tai Nüa [tdd]'];3;0;0
44;Kthi;['Bhojpuri [bho]', 'Maithili [mai]', 'Panchpargania [tdb]'];3;0;0
45;Brah;['Ardhamāgadhī Prākrit [pka]', 'Magar, Eastern [mgp]', 'Sauraseni Prākrit [psu]'];3;0;0
47;Mahj;['Punjabi, Eastern [pan]', 'Hindi [hin]', 'Marwari [mwr]'];3;0;0
49;Bali;['Bali [ban]', 'Kawi [kaw]', 'Sasak [sas]'];3;0;0
50;Ogam;['Irish [gle]', 'Old Irish (to 900) [sga]', 'Primitive Irish [pgl]'];3;0;0
51;Cham;['Cham, Eastern [cjm]', 'Cham, Western [cja]'];2;0;0
52;Sund;['Old Sundanese [osn]', 'Sunda [sun]'];2;0;0
53;Kali;['Kayah, Eastern [eky]', 'Kayah, Western [kyu]'];2;0;0
54;Phnx;['Moabite [obm]', 'Phoenician [phn]'];2;0;1
55;Gran;['Old Tamil [oty]', 'Sanskrit [san]'];2;0;0
56;Mtei;['Meitei [mni]', 'Old Manipuri [omp]'];2;0;0
57;Samr;['Samaritan Aramaic [sam]', 'Samaritan Hebrew [smp]'];2;0;0
58;Mand;['Mandaic, Classical [myz]', 'Mandaic [mid]'];2;0;0
59;Cakm;['Chakma [ccp]', 'Tangchangya [tnv]'];2;0;0
60;Shrd;['Kashmiri [kas]', 'Sanskrit [san]'];2;0;0
61;Modi;['Marathi [mar]', 'Old Marathi [omr]'];2;0;0
62;Adlm;['Fulah [ful]', 'Pular [fuf]'];2;0;0
63;Perm;['Komi [kom]', 'Komi-Permyak [koi]'];2;0;0
64;Mani;['Manichaean Middle Persian [xmn]', 'Sogdian [sog]'];2;0;0
65;Armi;['Official Aramaic (700-300 BCE) [arc]', 'Western Neo-Aramaic [amw]'];2;0;1
66;Khar;['Gāndhārī [pgd]', 'Prakrit languages [pra]'];2;0;0
67;Glag;['Chakavian [ckm]', 'Slavonic, Church [chu]'];2;0;1
68;Tagb;['Tagbanwa, Calamian [tbk]', 'Tagbanwa [tbw]'];2;0;0
69;Cyrs;['Aleut [ale]', 'Slavonic, Church [chu]'];2;0;0
71;Runr;['Old Norse [non]', 'German, Standard [deu]'];2;0;0
72;Xpeo;['Old Persian (ca. 600-400 B.C.) [peo]'];1;0;1
73;Wara;['Ho [hoc]'];1;0;0
74;Hung;['Old Hungarian [ohu]'];1;0;0
75;Hluw;['Hieroglyphic Luwian [hlu]'];1;0;0
76;Ahom;['Ahom [aho]'];1;0;0
77;Sidd;['Sanskrit [san]'];1;0;0
78;Tirh;['Maithili [mai]'];1;0;0
79;Sind;['Sindhi [snd]'];1;0;0
80;Phlp;['Pahlavi [pal]'];1;0;1
81;Pauc;['Chin, Tedim [ctd]'];1;0;0
82;Palm;['Official Aramaic (700-300 BCE) [arc]'];1;0;1
83;Nbat;['Official Aramaic (700-300 BCE) [arc]'];1;0;1
84;Talu;['Lü [khb]'];1;0;0
85;Mroo;['Mru [mro]'];1;0;0
86;Marc;['Tibetan, Central [bod]'];1;0;0
87;Afak;['Aukan [djk]'];1;0;0
88;Osge;['Osage [osa]'];1;0;0
89;Tang;['Tangut [txg]'];1;0;0
90;Rohg;['Rohingya [rhg]'];1;0;1
91;Mend;['Mende [men]'];1;0;0
92;Narb;['Ancient North Arabian [xna]'];1;0;1
93;Lyci;['Lycian [xlc]'];1;0;0
94;Prti;['Parthian [xpr]'];1;0;0
95;Phli;['Pahlavi [pal]'];1;0;1
96;Orkh;['Old Turkish [otk]'];1;0;0
97;Buhd;['Buhid [bku]'];1;0;0
98;Hano;['Hanunoo [hnn]'];1;0;0
99;Cprt;['Greek, Ancient [grc]'];1;0;1
101;Lydi;['Lydian [xld]'];1;0;0
102;Lepc;['Lepcha [lep]'];1;0;0
103;Egyp;['Egyptian (Ancient) [egy]'];1;0;1
104;Olck;['Santhali [sat]'];1;0;0
105;Bamu;['Bamun [bax]'];1;0;0
106;Avst;['Avestan [ave]'];1;0;0
107;Osma;['Somali [som]'];1;0;0
109;Linb;['Greek, Ancient [grc]'];1;0;1
110;Sarb;['Sabaean [xsa]'];1;0;0
111;Goth;['Gothic [got]'];1;0;0
112;Dsrt;['English [eng]'];1;0;1
114;Sylo;['Sylheti [syl]'];1;0;0
115;Elba;['Albanian [sqi]'];1;0;0
116;Soyo;['Classical Mongolian [cmg]'];1;0;0
117;Bass;['Bassa [bsq]'];1;0;0
118;Aghb;['Lezgi [lez]'];1;0;0
119;Sora;['Sora [srb]'];1;0;0
120;Cari;['Carian [xcr]'];1;0;0
121;Ugar;['Ugaritic [uga]'];1;0;0
122;Merc;['Meroitic [xmr]'];1;0;0
123;Shaw;['English [eng]'];1;0;1
124;Thaa;['Maldivian [div]'];1;0;0
125;Saur;['Saurashtra [saz]'];1;0;0
126;Hmnp;[];0;0;0
127;Hrkt;[];0;0;1
128;Bhks;[];0;0;0
129;Mult;[];0;0;0
130;Mero;[];0;0;0
131;Zanb;[];0;0;0
132;Latn;[];0;0;0